strain,0.001,0.01,0.1,1,10
0.0,189.68623,270.01944,332.27367,413.90207,381.41811
0.000650651,194.70655,274.69176,338.96098,423.35993,390.70554
0.0013,199.61523,279.29052,345.52101,432.60085,399.84338
0.00195,204.41411,283.81669,351.95615,441.62951,408.83457
0.0026,209.10502,288.27118,358.26843,450.44978,417.68121
0.00325,213.68976,292.65485,364.45997,459.06567,426.38556
0.0039,218.17008,296.96864,370.53285,467.4811,434.94987
0.00455,222.54776,301.2134,376.48909,475.69992,443.37633
0.00521,226.8245,305.39027,382.33166,483.72833,451.66961
0.00586,231.00202,309.49961,388.06065,491.56533,459.8269
0.00651,235.08198,313.5425,393.67897,499.21694,467.85279
0.00716,239.06605,317.51982,399.1885,506.68678,475.74932
0.00781,242.95586,321.43239,404.59118,513.97842,483.51857
0.00846,246.75302,325.28102,409.88884,521.09532,491.16253
0.00911,250.45912,329.06655,415.08334,528.04094,498.68321
0.00976,254.07572,332.78978,420.17649,534.81868,506.08255
0.01041,257.60436,336.4515,425.17008,541.43185,513.36249
0.01106,261.04658,340.05253,430.06585,547.88373,520.52493
0.01171,264.40387,343.59363,434.86556,554.17753,527.57175
0.01236,267.67771,347.07557,439.57089,560.31642,534.50478
0.01301,270.86957,350.49912,444.18355,566.30353,541.32583
0.01366,273.98087,353.86505,448.70519,572.1419,548.03672
0.01431,277.01305,357.1741,453.13743,577.83458,554.6392
0.01496,279.9675,360.427,457.48188,583.38449,561.13501
0.01562,282.8456,363.62492,461.74153,588.79802,567.5295
0.01627,285.64871,366.76774,465.91517,594.07118,573.8171
0.01692,288.37817,369.85661,470.00571,599.21019,580.00308
0.01757,291.03529,372.89221,474.01467,604.21783,586.08908
0.01822,293.62139,375.87527,477.94352,609.09683,592.07671
0.01887,296.13774,378.80647,481.79376,613.84987,597.96756
0.01952,298.58561,381.68649,485.56683,618.47961,603.7632
0.02017,300.96625,384.51602,489.26414,622.98862,609.46516
0.02082,303.28087,387.29572,492.88712,627.37947,615.07497
0.02147,305.5307,390.02627,496.43712,631.65466,620.59134
0.02212,307.71693,392.70831,499.91553,635.81664,626.01856
0.02277,309.84072,395.34249,503.32367,639.86786,631.35812
0.02342,311.90324,397.92947,506.66288,643.81071,636.61145
0.02407,313.90563,400.46986,509.93444,647.64753,641.77995
0.02472,315.84901,402.96431,513.13965,651.38064,646.865
0.02538,317.73449,405.41395,516.28152,655.01647,651.87263
0.02603,319.56315,407.81835,519.35778,658.54894,656.79489
0.02668,321.33607,410.17864,522.37142,661.98439,661.63772
0.02733,323.05431,412.49542,525.32362,665.32497,666.40244
0.02798,324.71891,414.76928,528.21557,668.57281,671.09032
0.02863,326.33089,417.00083,531.04844,671.72999,675.70263
0.02928,327.89127,419.19061,533.82338,674.79855,680.24059
0.02993,329.40104,421.33921,536.54152,677.78053,684.70546
0.03058,330.86118,423.44721,539.20397,680.67788,689.09842
0.03123,332.27266,425.51516,541.81182,683.49256,693.42066
0.03188,333.63642,427.54362,544.36615,686.22649,697.67336
0.03253,334.95339,429.53313,546.86803,688.88153,701.85766
0.03318,336.22451,431.48423,549.31849,691.45953,705.9747
0.03383,337.45067,433.39746,551.71855,693.96232,710.02558
0.03448,338.63277,435.27335,554.06925,696.39166,714.01142
0.03514,339.77169,437.11306,556.37359,698.754,717.93884
0.03579,340.86828,438.91585,558.62849,701.0417,721.79783
0.03644,341.92341,440.68283,560.83696,703.26112,725.59496
0.03709,342.9379,442.41454,562.99993,705.41393,729.33129
0.03774,343.91258,444.11146,565.11834,707.50174,733.00779
0.03839,344.84827,445.77409,567.19309,709.52617,736.6255
0.03904,345.74575,447.40292,569.2251,711.48879,740.18538
0.03969,346.60582,448.99844,571.21525,713.39113,743.68843
0.04034,347.42925,450.5611,573.16439,715.23472,747.13557
0.04099,348.21679,452.09139,575.07342,717.02103,750.52776
0.04164,348.9692,453.58977,576.94314,718.75155,753.86592
0.04229,349.6872,455.05671,578.77441,720.42768,757.14935
0.04294,350.37153,456.49265,580.56803,722.05086,760.38058
0.04359,351.02289,457.89805,582.3248,723.62244,763.56051
0.04424,351.64198,459.27335,584.04552,725.14378,766.69001
0.04489,352.22949,460.61899,585.73096,726.61623,769.76994
0.04555,352.7861,461.93613,587.38413,728.04606,772.80744
0.0462,353.31247,463.22374,589.00127,729.42461,775.79077
0.04685,353.80926,464.48298,590.58538,730.75811,778.72702
0.0475,354.27711,465.71426,592.13717,732.04778,781.61699
0.04815,354.71665,466.918,593.65735,733.29485,784.46147
0.0488,355.1285,468.09459,595.14663,734.50049,787.26123
0.04945,355.51328,469.24445,596.60568,735.66586,790.01704
0.0501,355.87158,470.36798,598.03519,736.7921,792.72967
0.05075,356.20399,471.46555,599.43581,737.88034,795.39982
0.0514,356.51111,472.53758,600.80819,738.93167,798.02826
0.05205,356.79348,473.58443,602.15296,739.94716,800.61567
0.0527,357.05168,474.6065,603.47078,740.92786,803.16278
0.05335,357.28626,475.60414,604.76223,741.87481,805.67029
0.054,357.49775,476.57773,606.02794,742.789,808.13886
0.05465,357.68669,477.52765,607.26848,743.67144,810.56916
0.05531,357.85359,478.45502,608.48686,744.52822,812.96875
0.05596,357.99898,479.35864,609.67884,745.35003,815.32453
0.05661,358.12336,480.23966,610.84738,746.14293,817.64402
0.05726,358.22721,481.0984,611.99302,746.90783,819.92784
0.05791,358.31103,481.93521,613.11631,747.64562,822.1766
0.05856,358.3753,482.75044,614.21779,748.35716,824.39091
0.05921,358.42047,483.54443,615.29797,749.04333,826.57139
0.05986,358.44701,484.31748,616.35737,749.70494,828.7186
0.06051,358.45537,485.06993,617.39648,750.34281,830.83315
0.06116,358.446,485.80211,618.41579,750.95775,832.91559
0.06181,358.41933,486.51435,619.4158,751.55053,834.9665
0.06246,358.37578,487.20693,620.39698,752.12174,836.98642
0.06311,358.31578,487.88017,621.35977,752.67228,838.97501
0.06376,358.23974,488.53439,622.30465,753.20293,840.93368
0.06441,358.14805,489.16988,623.23206,753.71439,842.86301
0.06507,358.04112,489.78776,624.14496,754.21255,844.77077
0.06572,357.91934,490.38668,625.03872,754.6877,846.64291
0.06637,357.78308,490.96776,625.9163,755.1457,848.48723
0.06702,357.63271,491.53128,626.77811,755.58722,850.30421
0.06767,357.46861,492.07751,627.62454,756.01286,852.09434
0.06832,357.29114,492.60675,628.45599,756.42327,853.8581
0.06897,357.10063,493.11925,629.27285,756.81904,855.59596
0.06962,356.89734,493.61531,630.07549,757.20076,857.30836
0.07027,356.68171,494.09517,630.8643,757.56901,858.99578
0.07092,356.45409,494.55912,631.63962,757.92434,860.65863
0.07157,356.21479,495.00738,632.40182,758.2673,862.29737
0.07222,355.96413,495.44026,633.15125,758.59844,863.91243
0.07287,355.70242,495.85797,633.88823,758.91827,865.50423
0.07352,355.42998,496.26078,634.61312,759.22728,867.07318
0.07417,355.1471,496.64894,635.32622,759.52599,868.61968
0.07482,354.85407,497.02267,636.02787,759.81486,870.14415
0.07548,354.55119,497.38309,636.72099,760.09956,871.65459
0.07613,354.23874,497.72872,637.40065,760.37016,873.13617
0.07678,353.91698,498.06063,638.06977,760.63228,874.59688
0.07743,353.5862,498.37908,638.72863,760.88637,876.03709
0.07808,353.24666,498.68428,639.37753,761.13285,877.45717
0.07873,352.89861,498.97644,640.01673,761.3721,878.85747
0.07938,352.54231,499.2558,640.64652,761.60455,880.23837
0.08003,352.17802,499.52258,641.26716,761.83057,881.6002
0.08068,351.80596,499.77697,641.8789,762.05053,882.94332
0.08133,351.42639,500.01921,642.48201,762.2648,884.26805
0.08198,351.03953,500.24949,643.07671,762.47372,885.57473
0.08263,350.64561,500.46801,643.66327,762.67764,886.86368
0.08328,350.24485,500.67498,644.24191,762.87689,888.13523
0.08393,349.83748,500.87061,644.81286,763.07179,889.38921
0.08458,349.4237,501.05509,645.37636,763.26266,890.6264
0.08524,349.00373,501.22946,645.93526,763.45496,891.85496
0.08589,348.57777,501.3922,646.48448,763.63865,893.05954
0.08654,348.14601,501.54436,647.02687,763.81916,894.24825
0.08719,347.70865,501.68613,647.56263,763.99678,895.42135
0.08784,347.26589,501.81767,648.09197,764.17178,896.57915
0.08849,346.8179,501.93918,648.61508,764.34439,897.72194
0.08914,346.36488,502.05082,649.13213,764.51489,898.84997
0.08979,345.90699,502.15279,649.64333,764.68349,899.96352
0.09044,345.44441,502.24524,650.14883,764.85043,901.06285
0.09109,344.97732,502.32834,650.64881,765.01593,902.14822
0.09174,344.50587,502.40227,651.14345,765.1802,903.21988
0.09239,344.03022,502.46717,651.6329,765.34345,904.27809
0.09304,343.55054,502.52323,652.11731,765.50586,905.32307
0.09369,343.06698,502.57058,652.59685,765.66764,906.35508
0.09434,342.57969,502.6094,653.07167,765.82895,907.37435
0.09499,342.08881,502.63984,653.5419,765.99,908.38112
0.09565,341.59449,502.6629,654.0104,766.15604,909.38356
0.0963,341.09687,502.67701,654.47189,766.317,910.36597
0.09695,340.59607,502.68318,654.92919,766.47815,911.33655
0.0976,340.09225,502.68157,655.38246,766.63964,912.29551
0.09825,339.58551,502.67229,655.8318,766.80161,913.24303
0.0989,339.076,502.6555,656.27734,766.96418,914.17936
0.09955,338.56383,502.63134,656.71919,767.12749,915.10467
0.1002,338.04912,502.59994,657.15746,767.29167,916.01917
0.10085,337.53199,502.56142,657.59228,767.45681,916.92305
0.1015,337.01254,502.51594,658.02373,767.62302,917.81651
0.10215,336.4909,502.4636,658.45193,767.79043,918.69973
0.1028,335.96717,502.40454,658.87697,767.9591,919.57291
0.10345,335.44145,502.3389,659.29894,768.12914,920.43621
0.1041,334.91384,502.26676,659.71792,768.30063,921.28981
0.10475,334.38445,502.18828,660.13404,768.47366,922.13364
0.10541,333.85336,502.10442,660.55009,768.6534,922.97616
0.10606,333.32067,502.01358,660.96067,768.82971,923.80145
0.10671,332.78648,501.91674,661.36861,769.00776,924.61773
0.10736,332.25087,501.814,661.77398,769.1876,925.42517
0.10801,331.71392,501.70548,662.17685,769.3693,926.22391
0.10866,331.17573,501.5913,662.5773,769.55291,927.01409
0.10931,330.63636,501.47154,662.97538,769.73846,927.79588
0.10996,330.0959,501.34631,663.37117,769.92601,928.56944
0.11061,329.55442,501.21573,663.76471,770.11558,929.33489
0.11126,329.01201,501.07989,664.15609,770.30721,930.09239
0.11191,328.46872,500.93889,664.54532,770.50093,930.84207
0.11256,327.92463,500.79283,664.9325,770.69677,931.58408
0.11321,327.37981,500.64181,665.31764,770.89474,932.31853
0.11386,326.83432,500.4859,665.70081,771.09486,933.04557
0.11451,326.28822,500.32523,666.08205,771.29715,933.76533
0.11517,325.74158,500.16071,666.46419,771.50668,934.48601
0.11582,325.19445,499.99074,666.8417,771.71332,935.19157
0.11647,324.64689,499.81626,667.21739,771.92215,935.89021
0.11712,324.09896,499.63736,667.59132,772.13315,936.58204
0.11777,323.5507,499.45411,667.9635,772.34634,937.2672
0.11842,323.00218,499.2666,668.33397,772.56169,937.94578
0.11907,322.45344,499.07491,668.70276,772.7792,938.6179
0.11972,321.90453,498.87913,669.06989,772.99886,939.28367
0.12037,321.35549,498.67933,669.4354,773.22067,939.94319
0.12102,320.80638,498.47557,669.7993,773.44458,940.59657
0.12167,320.25722,498.26794,670.16161,773.67058,941.24391
0.12232,319.70807,498.05653,670.52236,773.89866,941.8853
0.12297,319.15897,497.84139,670.88156,774.12878,942.52084
0.12362,318.60995,497.62259,671.23923,774.36091,943.15064
0.12427,318.06105,497.40021,671.59536,774.59505,943.77478
0.12492,317.5123,497.17431,671.94999,774.83114,944.39335
0.12558,316.96375,496.9458,672.30593,775.07421,945.01441
0.12623,316.41542,496.71305,672.65758,775.3141,945.62196
0.12688,315.86734,496.47698,673.00773,775.55582,946.22422
0.12753,315.31955,496.23766,673.35642,775.79934,946.82126
0.12818,314.77207,495.99513,673.70364,776.04461,947.41316
0.12883,314.22493,495.74947,674.04939,776.2916,948.0
0.12948,313.67816,495.50074,674.39367,776.54024,948.58186
0.13013,313.13178,495.24897,674.73648,776.79049,949.15879
0.13078,312.58582,494.99425,675.07781,777.04231,949.73091
0.13143,312.0403,494.73662,675.41769,777.29564,950.29826
0.13208,311.49524,494.47613,675.75608,777.55043,950.86092
0.13273,310.95066,494.21284,676.09298,777.80662,951.41896
0.13338,310.40659,493.94681,676.42841,778.06416,951.97245
0.13403,309.86304,493.67807,676.76233,778.32299,952.52145
0.13468,309.32003,493.40668,677.09476,778.58305,953.06602
0.13534,308.77757,493.13349,677.42849,778.84932,953.61431
0.13599,308.23569,492.85694,677.75787,779.11167,954.15022
0.13664,307.69439,492.57788,678.08572,779.37507,954.68188
0.13729,307.1537,492.29635,678.412,779.63945,955.20936
0.13794,306.61362,492.01241,678.73673,779.90476,955.7327
0.13859,306.07418,491.72609,679.05987,780.17092,956.25198
0.13924,305.53538,491.43743,679.38143,780.43789,956.76724
0.13989,304.99723,491.14648,679.70136,780.70558,957.27853
0.14054,304.45973,490.85327,680.01966,780.97394,957.78591
0.14119,303.92291,490.55785,680.33632,781.24289,958.28941
0.14184,303.38677,490.26026,680.65131,781.51237,958.78911
0.14249,302.85132,489.96052,680.96461,781.7823,959.28502
0.14314,302.31656,489.65867,681.2762,782.05263,959.77721
0.14379,301.78251,489.35476,681.58606,782.32327,960.26572
0.14444,301.24916,489.04882,681.89418,782.59417,960.75059
0.1451,300.71653,488.74166,682.20336,782.87027,961.23991
0.14575,300.18461,488.43176,682.5079,783.14146,961.71763
0.1464,299.65342,488.11991,682.81061,783.41268,962.19175
0.14705,299.12296,487.80616,683.11148,783.68387,962.66239
0.1477,298.59323,487.49053,683.41048,783.95496,963.12959
0.14835,298.06423,487.17307,683.70758,784.22588,963.59339
0.149,297.53596,486.85379,684.00276,784.49654,964.05383
0.14965,297.00844,486.53273,684.29599,784.7669,964.51093
0.1503,296.48166,486.2099,684.58724,785.03686,964.96475
0.15095,295.95561,485.88533,684.87649,785.30636,965.4153
0.1516,295.43031,485.55907,685.16371,785.57532,965.8626
0.15225,294.90575,485.23112,685.44887,785.84368,966.30672
0.1529,294.38193,484.90152,685.73194,786.11136,966.74767
0.15355,293.85886,484.57028,686.01288,786.37829,967.18547
0.1542,293.33652,484.23743,686.29169,786.64441,967.62014
0.15485,292.81492,483.90298,686.56833,786.90964,968.05175
0.15551,292.29406,483.56776,686.84564,787.1789,968.48829
0.15616,291.77394,483.2302,687.11783,787.44214,968.91378
0.15681,291.25455,482.89113,687.38775,787.70427,969.33628
0.15746,290.7359,482.55055,687.6554,787.96523,969.75578
0.15811,290.21797,482.20848,687.9207,788.22495,970.17231
0.15876,289.70077,481.86495,688.18366,788.48336,970.58591
0.15941,289.1843,481.51997,688.44423,788.7404,970.99658
0.16006,288.66854,481.17356,688.70238,788.99598,971.40435
0.16071,288.1535,480.82573,688.95809,789.25004,971.80925
0.16136,287.63918,480.47651,689.21131,789.50253,972.21128
0.16201,287.12556,480.12591,689.46202,789.75337,972.61047
0.16266,286.61265,479.77394,689.71018,790.0025,973.00684
0.16331,286.10044,479.42061,689.95578,790.24983,973.4004
0.16396,285.58893,479.06595,690.19878,790.49533,973.79117
0.16461,285.07811,478.70998,690.43913,790.73892,974.17917
0.16527,284.56798,478.35343,690.67971,790.9855,974.57237
0.16592,284.05853,477.99485,690.91469,791.22508,974.95486
0.16657,283.54975,477.63497,691.14695,791.46253,975.33462
0.16722,283.04166,477.27383,691.37645,791.69783,975.71161
0.16787,282.53423,476.91143,691.60315,791.93091,976.08588
0.16852,282.02746,476.54778,691.82704,792.1617,976.45747
0.16917,281.52135,476.18288,692.04807,792.39013,976.82637
0.16982,281.01589,475.81676,692.26621,792.61617,977.19261
0.17047,280.51108,475.44943,692.48144,792.83973,977.55621
0.17112,280.00692,475.08089,692.69371,793.06079,977.91714
0.17177,279.50339,474.71115,692.90301,793.27924,978.27545
0.17242,279.00049,474.34021,693.10931,793.49507,978.63113
0.17307,278.49821,473.9681,693.31257,793.7082,978.9842
0.17372,277.99656,473.59482,693.51276,793.91859,979.33466
0.17437,277.49552,473.22037,693.70984,794.12616,979.68253
0.17503,276.99509,472.84549,693.9067,794.33584,980.0357
0.17568,276.49527,472.46872,694.09751,794.53766,980.37838
0.17633,275.99604,472.09082,694.28513,794.73652,980.71849
0.17698,275.49741,471.71178,694.46953,794.93237,981.05602
0.17763,274.99936,471.3316,694.65069,795.12516,981.391
0.17828,274.5019,470.95031,694.82858,795.31483,981.72341
0.17893,274.00501,470.5679,695.00317,795.50136,982.05326
0.17958,273.5087,470.18437,695.17443,795.68469,982.38057
0.18023,273.01295,469.79973,695.34233,795.86477,982.70534
0.18088,272.51776,469.41398,695.50686,796.04155,983.02757
0.18153,272.02313,469.02714,695.66797,796.21499,983.34726
0.18218,271.52906,468.6392,695.82564,796.38505,983.66443
0.18283,271.03552,468.25017,695.97985,796.55169,983.97906
0.18348,270.54253,467.86007,696.13057,796.71486,984.29116
0.18413,270.05008,467.46886,696.27777,796.87453,984.60075
0.18478,269.55815,467.07659,696.42144,797.03064,984.90782
0.18544,269.06676,466.68395,696.56443,797.1881,985.22021
0.18609,268.57589,466.28952,696.70093,797.33698,985.52225
0.18674,268.08553,465.89403,696.83383,797.48219,985.82176
0.18739,267.59569,465.49746,696.96307,797.62371,986.11877
0.18804,267.10636,465.09984,697.08867,797.76149,986.41322
0.18869,266.61753,464.70114,697.21057,797.89552,986.70514
0.18934,266.1292,464.3014,697.32875,798.02573,986.99456
0.18999,265.64138,463.90058,697.44322,798.15213,987.28148
0.19064,265.15404,463.49872,697.55392,798.27465,987.56588
0.19129,264.6672,463.09581,697.66085,798.39329,987.84778
0.19194,264.18084,462.69183,697.76399,798.508,988.12717
0.19259,263.69496,462.28681,697.86331,798.61875,988.40406
0.19324,263.20956,461.88073,697.95879,798.72554,988.67843
0.19389,262.72464,461.47362,698.0504,798.82832,988.9503
0.19454,262.24019,461.06545,698.13815,798.92706,989.21966
0.1952,261.75621,460.65692,698.22488,799.02662,989.49428
0.19585,261.2727,460.24666,698.3048,799.11722,989.75862
0.1965,260.78965,459.83535,698.38079,799.20372,990.02044
0.19715,260.30707,459.423,698.45282,799.28609,990.27975
0.1978,259.82494,459.00961,698.5209,799.36432,990.53655
0.19845,259.34327,458.59517,698.58497,799.4384,990.79082
0.1991,258.86205,458.17969,698.64505,799.50828,991.04259
0.19975,258.38129,457.76317,698.70111,799.57397,991.29184
0.2004,257.90097,457.34561,698.75313,799.63543,991.53856
0.20105,257.42111,456.92701,698.8011,799.69266,991.78276
0.2017,256.94169,456.50737,698.84499,799.74564,992.02443
0.20235,256.46272,456.08667,698.88482,799.79436,992.26358
0.203,255.9842,455.66495,698.92055,799.83879,992.50019
0.20365,255.50611,455.24219,698.95216,799.87894,992.73427
0.2043,255.02847,454.81838,698.97965,799.91478,992.96583
0.20495,254.55127,454.39353,699.00302,799.94631,993.19484
0.20561,254.07451,453.9683,699.0251,799.97833,993.42901
0.20626,253.59819,453.54138,699.04016,800.0012,993.65295
0.20691,253.12231,453.11341,699.05105,800.01973,993.87433
0.20756,252.64687,452.6844,699.05776,800.0339,994.09317
0.20821,252.17187,452.25434,699.06029,800.04372,994.30946
0.20886,251.69731,451.82325,699.0586,800.04917,994.52314
0.20951,251.22318,451.39112,699.05272,800.05027,994.73426
0.21016,250.7495,450.95795,699.04261,800.04698,994.94283
0.21081,250.27625,450.52373,699.02828,800.03932,995.14883
0.21146,249.80344,450.08847,699.00972,800.02728,995.35227
0.21211,249.33108,449.65217,698.9869,800.01087,995.55314
0.21276,248.85915,449.21484,698.95986,799.99007,995.75143
0.21341,248.38767,448.77646,698.92855,799.96489,995.94716
0.21406,247.91663,448.33703,698.89297,799.93533,996.14031
0.21471,247.44603,447.89657,698.85314,799.90139,996.33088
0.21537,246.97587,447.4557,698.81189,799.86782,996.52649
0.21602,246.50617,447.01315,698.76351,799.82512,996.71189
0.21667,246.03691,446.56957,698.71084,799.77804,996.89468
0.21732,245.5681,446.12493,698.6539,799.7266,997.0749
0.21797,245.09974,445.67926,698.59266,799.67078,997.2525
0.21862,244.63184,445.23255,698.52714,799.61061,997.42752
0.21927,244.16439,444.7848,698.45733,799.54609,997.59993
0.21992,243.6974,444.33601,698.38322,799.47722,997.76974
0.22057,243.23087,443.88617,698.30482,799.40402,997.93695
0.22122,242.7648,443.4353,698.22211,799.32648,998.10154
0.22187,242.2992,442.98338,698.13512,799.24462,998.26351
0.22252,241.83406,442.53043,698.04382,799.15846,998.42288
0.22317,241.3694,442.07644,697.94824,799.068,998.57963
0.22382,240.90521,441.62142,697.84836,798.97323,998.73375
0.22447,240.44149,441.16535,697.74418,798.8742,998.88524
0.22513,239.97825,440.70887,697.63853,798.77556,999.04165
0.22578,239.5155,440.25073,697.52577,798.668,999.18789
0.22643,239.05323,439.79156,697.40873,798.5562,999.33149
0.22708,238.59145,439.33135,697.2874,798.44017,999.47246
0.22773,238.13016,438.87011,697.16179,798.31991,999.61078
0.22838,237.66937,438.40785,697.03191,798.19547,999.74647
0.22903,237.20908,437.94455,696.89774,798.06683,999.87952
0.22968,236.74929,437.48022,696.75932,797.93403,1000.00986
0.23033,236.29001,437.01486,696.61664,797.79708,1000.13757
0.23098,235.83124,436.54848,696.46969,797.65598,1000.26261
0.23163,235.37299,436.08108,696.3185,797.51077,1000.385
0.23228,234.91526,435.61264,696.16306,797.36146,1000.50475
0.23293,234.45805,435.1432,696.00339,797.20806,1000.62183
0.23358,234.00137,434.67272,695.83948,797.0506,1000.73625
0.23423,233.54522,434.20123,695.67135,796.88909,1000.84802
0.23488,233.08962,433.72872,695.49902,796.72355,1000.95712
0.23554,232.63455,433.2558,695.32525,796.5586,1001.071
0.23619,232.18003,432.78127,695.14451,796.38507,1001.17476
0.23684,231.72606,432.30572,694.95959,796.20757,1001.27585
0.23749,231.27265,431.82917,694.77048,796.02612,1001.37428
0.23814,230.81979,431.35162,694.57721,795.84074,1001.47002
0.23879,230.36751,430.87306,694.37978,795.65146,1001.56308
0.23944,229.91579,430.39351,694.1782,795.45829,1001.65348
0.24009,229.46465,429.91295,693.97249,795.26128,1001.74119
0.24074,229.0141,429.4314,693.76266,795.06042,1001.82623
0.24139,228.56412,428.94887,693.54871,794.85575,1001.90858
0.24204,228.11474,428.46534,693.33067,794.64728,1001.98825
0.24269,227.66596,427.98082,693.10854,794.43507,1002.06526
0.24334,227.21778,427.49533,692.88234,794.21909,1002.13956
0.24399,226.7702,427.00885,692.65208,793.99941,1002.21119
0.24464,226.32324,426.52141,692.41777,793.77602,1002.28013
0.2453,225.87689,426.03355,692.18216,793.55347,1002.35374
0.24595,225.43117,425.54416,691.9398,793.32277,1002.4173
0.2466,224.98608,425.05381,691.69342,793.08845,1002.47819
0.24725,224.54163,424.5625,691.44305,792.85054,1002.53638
0.2479,224.09781,424.07021,691.1887,792.60903,1002.59189
0.24855,223.65464,423.57699,690.93041,792.36399,1002.64471
0.2492,223.21212,423.08282,690.66817,792.11541,1002.69484
0.24985,222.77025,422.5877,690.40199,791.86334,1002.74228
0.2505,222.32905,422.09164,690.13191,791.6078,1002.787
0.25115,221.88852,421.59464,689.85794,791.34884,1002.82902
0.2518,221.44866,421.09671,689.5801,791.08645,1002.86835
0.25245,221.00948,420.59785,689.2984,790.82069,1002.905
0.2531,220.57099,420.09807,689.01285,790.55155,1002.93895
0.25375,220.13319,419.59737,688.72349,790.27908,1002.97022
0.2544,219.69608,419.09577,688.43032,790.00331,1002.9988
0.25506,219.25968,418.59381,688.13605,789.72865,1003.03194
0.25571,218.82399,418.09039,687.83532,789.44634,1003.05515
0.25636,218.38901,417.58607,687.53086,789.16081,1003.07567
0.25701,217.95475,417.08087,687.22266,788.87208,1003.0935
0.25766,217.52121,416.57478,686.91076,788.58017,1003.10865
0.25831,217.08841,416.0678,686.59517,788.28512,1003.12112
0.25896,216.65634,415.55996,686.27591,787.98694,1003.13091
0.25961,216.22501,415.05124,685.95299,787.68567,1003.138
0.26026,215.79444,414.54166,685.62645,787.38134,1003.14242
0.26091,215.36462,414.03123,685.29631,787.07397,1003.14416
0.26156,214.93555,413.51995,684.96258,786.7636,1003.14321
0.26221,214.50726,413.00781,684.62528,786.45023,1003.13959
0.26286,214.07973,412.49486,684.28444,786.13392,1003.1333
0.26351,213.65298,411.98105,683.94007,785.81468,1003.12434
0.26416,213.22701,411.46643,683.59221,785.49252,1003.1127
0.26481,212.80183,410.95098,683.24087,785.1675,1003.0984
0.26547,212.37744,410.43526,682.88868,784.84393,1003.08855
0.26612,211.95385,409.9182,682.53045,784.51323,1003.06891
0.26677,211.53106,409.40033,682.1688,784.17974,1003.0466
0.26742,211.10909,408.88169,681.80375,783.84348,1003.02164
0.26807,210.68793,408.36225,681.43535,783.50449,1002.99401
0.26872,210.26758,407.84204,681.0636,783.16277,1002.96373
0.26937,209.84807,407.32106,680.68853,782.81837,1002.9308
0.27002,209.42938,406.7993,680.31016,782.4713,1002.89521
0.27067,209.01153,406.27681,679.92852,782.1216,1002.85697
0.27132,208.59452,405.75356,679.54363,781.76929,1002.81606
0.27197,208.17835,405.22956,679.15551,781.41438,1002.77248
0.27262,207.76304,404.70485,678.7642,781.05692,1002.72628
0.27327,207.34858,404.1794,678.36969,780.69693,1002.67743
0.27392,206.93498,403.65323,677.97203,780.33442,1002.62594
0.27457,206.52224,403.12636,677.57125,779.96943,1002.57183
0.27523,206.11038,402.59929,677.16991,779.60616,1002.52208
0.27588,205.69939,402.07103,676.76294,779.23627,1002.4627
0.27653,205.28929,401.54207,676.3529,778.86397,1002.4007
0.27718,204.88008,401.01243,675.93984,778.48928,1002.33607
0.27783,204.47175,400.48214,675.52377,778.11222,1002.26884
0.27848,204.06431,399.95118,675.1047,777.73283,1002.19898
0.27913,203.65777,399.41957,674.68268,777.35112,1002.12652
0.27978,203.25214,398.88731,674.25774,776.96712,1002.05144
0.28043,202.84741,398.35442,673.82988,776.58084,1001.97376
0.28108,202.44359,397.82092,673.39913,776.19233,1001.89348
0.28173,202.04068,397.28678,672.96553,775.80159,1001.81058
0.28238,201.6387,396.75204,672.52909,775.40864,1001.7251
0.28303,201.23763,396.2167,672.08986,775.01352,1001.63703
0.28368,200.83749,395.68077,671.64782,774.61624,1001.54636
0.28433,200.43828,395.14425,671.20305,774.21681,1001.45312
0.28498,200.04001,394.60717,670.75553,773.81529,1001.3573
0.28564,199.64267,394.07001,670.30779,773.41573,1001.26578
0.28629,199.24627,393.5318,669.85487,773.01002,1001.16481
0.28694,198.85082,392.99306,669.39932,772.60227,1001.06127
0.28759,198.45631,392.45378,668.94113,772.19248,1000.95517
0.28824,198.06276,391.91396,668.48032,771.78068,1000.84651
0.28889,197.67015,391.37364,668.01694,771.36689,1000.7353
0.28954,197.27851,390.83281,667.55101,770.95112,1000.62154
0.29019,196.88783,390.29147,667.08254,770.5334,1000.50523
0.29084,196.4981,389.74966,666.61159,770.11375,1000.38638
0.29149,196.10935,389.20735,666.13814,769.69218,1000.265
0.29214,195.72156,388.66458,665.66224,769.26871,1000.14105
0.29279,195.33474,388.12136,665.18392,768.84336,1000.01455
0.29344,194.9489,387.57768,664.70319,768.41614,999.88555
0.29409,194.56404,387.03356,664.22009,767.98708,999.75401
0.29474,194.18015,386.48901,663.73463,767.55619,999.61996
0.2954,193.79724,385.9445,663.24927,767.12745,999.49015
0.29605,193.41532,385.39912,662.75918,766.69295,999.35108
0.2967,193.03438,384.85333,662.26683,766.25666,999.20951
0.29735,192.65442,384.30716,661.77221,765.81861,999.06544
0.298,192.27546,383.76061,661.27538,765.37881,998.91887
0.29865,191.89748,383.21369,660.77635,764.93727,998.76982
0.2993,191.5205,382.66641,660.27514,764.49402,998.61828
0.29995,191.14451,382.11877,659.77178,764.04906,998.46426
0.3006,190.76952,381.57079,659.2663,763.6024,998.30776
0.30125,190.39552,381.02248,658.75871,763.15407,998.1488
0.3019,190.02252,380.47386,658.24904,762.70408,997.98737
0.30255,189.65052,379.92491,657.73732,762.25242,997.82348
0.3032,189.27952,379.37567,657.22358,761.79913,997.65711
0.30385,188.90952,378.82614,656.70783,761.3442,997.4883
0.3045,188.54052,378.27634,656.19011,760.88767,997.31704
0.30516,188.17253,377.7267,655.67277,760.43337,997.14993
0.30581,187.80553,377.17636,655.15115,759.97363,996.97378
0.30646,187.43954,376.62577,654.62764,759.51231,996.7952
0.30711,187.07456,376.07495,654.10223,759.04942,996.61418
0.30776,186.71057,375.52389,653.57497,758.58495,996.43074
0.30841,186.3476,374.97261,653.04586,758.11895,996.24488
0.30906,185.98562,374.42113,652.51495,757.65141,996.0566
0.30971,185.62465,373.86944,651.98226,757.18231,995.86592
0.31036,185.26469,373.31757,651.44779,756.7117,995.67283
0.31101,184.90573,372.76553,650.91158,756.23957,995.47732
0.31166,184.54777,372.21332,650.37365,755.76594,995.27942
0.31231,184.19082,371.66094,649.83402,755.2908,995.07913
0.31296,183.83487,371.10842,649.29271,754.81417,994.87643
0.31361,183.47992,370.55576,648.74977,754.33607,994.67133
0.31426,183.12597,370.00298,648.20518,753.85647,994.46385
0.31491,182.77303,369.45008,647.65899,753.37541,994.25399
0.31557,182.42108,368.89749,647.11347,752.89662,994.04822
0.31622,182.07013,368.34439,646.56413,752.41264,993.83363
0.31687,181.72018,367.79119,646.01325,751.92719,993.61666
0.31752,181.37123,367.23793,645.46084,751.4403,993.39734
0.31817,181.02327,366.6846,644.90693,750.95196,993.17566
0.31882,180.67631,366.13121,644.35155,750.4622,992.95163
0.31947,180.33033,365.57778,643.79472,749.97099,992.72525
0.32012,179.98535,365.02431,643.23643,749.47835,992.49653
0.32077,179.64136,364.47081,642.67674,748.98429,992.26547
0.32142,179.29835,363.91731,642.11565,748.48881,992.03207
0.32207,178.95633,363.36379,641.55318,747.99191,991.79635
0.32272,178.61529,362.81028,640.98936,747.49359,991.5583
0.32337,178.27523,362.25678,640.42421,746.99385,991.31791
0.32402,177.93615,361.70331,639.85774,746.4927,991.07522
0.32467,177.59805,361.14987,639.28997,745.99014,990.83019
0.32533,177.26092,360.59686,638.72312,745.4898,990.58916
0.32598,176.92476,360.04352,638.15281,744.98443,990.33952
0.32663,176.58957,359.49024,637.58126,744.47765,990.08756
0.32728,176.25535,358.93703,637.00849,743.96945,989.8333
0.32793,175.92208,358.3839,636.43451,743.45986,989.57673
0.32858,175.58978,357.83086,635.85936,742.94886,989.31787
0.32923,175.25844,357.27793,635.28304,742.43646,989.05672
0.32988,174.92805,356.7251,634.70556,741.92267,988.79329
0.33053,174.59862,356.1724,634.12696,741.40745,988.52756
0.33118,174.27013,355.61982,633.54724,740.89084,988.25955
0.33183,173.94258,355.06739,632.96643,740.37283,987.98926
0.33248,173.61598,354.5151,632.38453,739.8534,987.71669
0.33313,173.29032,353.96297,631.80157,739.33257,987.44185
0.33378,172.96558,353.41101,631.21755,738.81033,987.16471
0.33443,172.64178,352.85921,630.63251,738.28669,986.88528
0.33509,172.31891,352.30799,630.04857,737.76514,986.60977
0.33574,171.99696,351.75658,629.46151,737.23865,986.32582
0.33639,171.67593,351.20536,628.87346,736.71076,986.03959
0.33704,171.35582,350.65437,628.28444,736.18144,985.75112
0.33769,171.03661,350.10359,627.69447,735.65069,985.46037
0.33834,170.71832,349.55304,627.10356,735.11853,985.16738
0.33899,170.40092,349.00273,626.51172,734.58494,984.87213
0.33964,170.08443,348.45267,625.91897,734.04991,984.57462
0.34029,169.76883,347.90285,625.32531,733.51345,984.27487
0.34094,169.45412,347.35331,624.73078,732.97555,983.97286
0.34159,169.1403,346.80403,624.13536,732.4362,983.66861
0.34224,168.82735,346.25504,623.53909,731.89542,983.36212
0.34289,168.51529,345.70633,622.94199,731.35318,983.05337
0.34354,168.2041,345.15792,622.34403,730.80949,982.74238
0.34419,167.89377,344.60981,621.74526,730.26434,982.42915
0.34484,167.58431,344.06202,621.14568,729.71772,982.11367
0.3455,167.27571,343.5149,620.54735,729.17304,981.80197
0.34615,166.96797,342.96776,619.94619,728.62347,981.48201
0.3468,166.66107,342.42095,619.34424,728.07243,981.1598
0.34745,166.35502,341.87449,618.74154,727.51991,980.83535
0.3481,166.0498,341.32837,618.13808,726.96591,980.50868
0.34875,165.74542,340.78262,617.53388,726.4104,980.17975
0.3494,165.44186,340.23723,616.92894,725.8534,979.84859
0.35005,165.13913,339.69221,616.32329,725.2949,979.51519
0.3507,164.83721,339.14758,615.71691,724.73489,979.17955
0.35135,164.53611,338.60334,615.10984,724.17336,978.84168
0.352,164.23581,338.05948,614.50206,723.61032,978.50157
0.35265,163.93632,337.51604,613.89361,723.04575,978.15922
0.3533,163.63762,336.973,613.28447,722.47965,977.81463
0.35395,163.33971,336.43039,612.67466,721.91202,977.4678
0.3546,163.04259,335.88819,612.0642,721.34284,977.1187
0.35526,162.74624,335.34677,611.45505,720.77541,976.77323
0.35591,162.45067,334.80544,610.84327,720.20313,976.41963
0.35656,162.15587,334.26455,610.23086,719.6293,976.06379
0.35721,161.86183,333.72411,609.61782,719.0539,975.70571
0.35786,161.56855,333.18414,609.00414,718.47693,975.34539
0.35851,161.27601,332.64462,608.38984,717.89839,974.98281
0.35916,160.98423,332.10558,607.77493,717.31826,974.61799
0.35981,160.69318,331.56701,607.15941,716.73655,974.25091
0.36046,160.40287,331.02891,606.54329,716.15324,973.88158
0.36111,160.11329,330.49131,605.92657,715.56835,973.50999
0.36176,159.82443,329.95419,605.30925,714.98184,973.13616
0.36241,159.53628,329.41758,604.69135,714.39373,972.76005
0.36306,159.24885,328.88146,604.07287,713.804,972.38169
0.36371,158.96212,328.34586,603.4538,713.21265,972.00106
0.36436,158.6761,327.81078,602.83415,712.61967,971.61816
0.36502,158.39076,327.27654,602.21584,712.02825,971.23871
0.36567,158.10611,326.74249,601.59505,711.432,970.85127
0.36632,157.82215,326.20898,600.97369,710.83412,970.46155
0.36697,157.53886,325.676,600.35176,710.23458,970.06955
0.36762,157.25624,325.14357,599.72927,709.63339,969.67526
0.36827,156.97429,324.61168,599.10623,709.03055,969.27868
0.36892,156.69299,324.08035,598.48262,708.42603,968.87981
0.36957,156.41234,323.54956,597.85846,707.81987,968.47865
0.37022,156.13234,323.01933,597.23374,707.21203,968.07518
0.37087,155.85299,322.48967,596.60846,706.60251,967.66942
0.37152,155.57426,321.96058,595.98263,705.99132,967.26135
0.37217,155.29617,321.43206,595.35625,705.37843,966.85096
0.37282,155.0187,320.90411,594.72931,704.76386,966.43826
0.37347,154.74184,320.37675,594.10182,704.1476,966.02324
0.37412,154.4656,319.84997,593.47377,703.52965,965.6059
0.37477,154.18996,319.32379,592.84517,702.91,965.18623
0.37543,153.91492,318.79849,592.21786,702.2917,964.76975
0.37608,153.64047,318.27348,591.58814,701.66864,964.34536
0.37673,153.36662,317.74908,590.95786,701.04388,963.91863
0.37738,153.09334,317.22528,590.32704,700.41741,963.48955
0.37803,152.82064,316.7021,589.69564,699.78922,963.05811
0.37868,152.54851,316.17952,589.06368,699.15931,962.62431
0.37933,152.27695,315.65754,588.43115,698.5277,962.18815
0.37998,152.00595,315.1362,587.79805,697.89435,961.7496
0.38063,151.7355,314.61547,587.16438,697.2593,961.30868
0.38128,151.4656,314.09535,586.53014,696.62251,960.86536
0.38193,151.19624,313.57587,585.89532,695.98402,960.41967
0.38258,150.92742,313.05701,585.25991,695.34378,959.97156
0.38323,150.65913,312.53878,584.62391,694.70183,959.52106
0.38388,150.39136,312.02118,583.98733,694.05816,959.06814
0.38453,150.12412,311.50423,583.35014,693.41275,958.6128
0.38519,149.85739,310.98819,582.71413,692.76856,958.16044
0.38584,149.59117,310.47251,582.07575,692.11969,957.70024
0.38649,149.32546,309.95747,581.43674,691.46911,957.23759
0.38714,149.06024,309.44307,580.79712,690.8168,956.77249
0.38779,148.79552,308.92932,580.15688,690.16276,956.30494
0.38844,148.53129,308.41621,579.51601,689.507,955.83493
0.38909,148.26755,307.90376,578.87451,688.84951,955.36243
0.38974,148.00428,307.39195,578.23236,688.1903,954.88745
0.39039,147.74148,306.88081,577.58957,687.52937,954.40998
0.39104,147.47916,306.3703,576.94613,686.86673,953.93001
0.39169,147.2173,305.86047,576.30202,686.20238,953.44754
0.39234,146.95589,305.35129,575.65725,685.53631,952.96256
0.39299,146.69495,304.84276,575.01179,684.86854,952.47506
0.39364,146.43445,304.3349,574.36565,684.19906,951.98503
0.39429,146.17439,303.8277,573.71881,683.52789,951.49245
0.39494,145.91478,303.32115,573.07129,682.85502,950.99733
0.3956,145.6556,302.81555,572.42474,682.18329,950.5049
0.39625,145.39685,302.31032,571.77579,681.50703,950.00463
0.3969,145.13853,301.80578,571.12609,680.82909,949.50178
0.39755,144.88064,301.30189,570.47567,680.14949,948.99635
0.3982,144.62316,300.79867,569.8245,679.46821,948.48832
0.39885,144.36609,300.29611,569.17258,678.78527,947.97769
0.3995,144.10943,299.79422,568.51989,678.10068,947.46446
0.40015,143.85318,299.293,567.86642,677.41442,946.9486
0.4008,143.59733,298.79245,567.21217,676.72652,946.43011
0.40145,143.34188,298.29256,566.55712,676.03699,945.90899
0.4021,143.08682,297.79334,565.90128,675.34583,945.3852
0.40275,142.83216,297.29479,565.24461,674.65305,944.85877
0.4034,142.57787,296.79691,564.58712,673.95866,944.32965
0.40405,142.32397,296.2997,563.9288,673.26267,943.79786
0.4047,142.07045,295.80315,563.26962,672.56508,943.26338
0.40536,141.81731,295.30753,562.61121,671.86862,942.73129
0.40601,141.56453,294.81231,561.95029,671.16787,942.19139
0.40666,141.31213,294.31777,561.2885,670.46556,941.64878
0.40731,141.06009,293.82389,560.62581,669.76169,941.10342
0.40796,140.80841,293.33069,559.96221,669.05628,940.55533
0.40861,140.55709,292.83813,559.29768,668.34934,940.00448
0.40926,140.30613,292.34626,558.63222,667.64088,939.45087
0.40991,140.05552,291.85504,557.96582,666.93091,938.89449
0.41056,139.80526,291.36449,557.29847,666.21945,938.33531
0.41121,139.55535,290.8746,556.63014,665.50649,937.77332
0.41186,139.30579,290.38538,555.96083,664.79208,937.20852
0.41251,139.05656,289.89681,555.29051,664.0762,936.64091
0.41316,138.80768,289.40891,554.6192,663.35889,936.07047
0.41381,138.55913,288.92166,553.94685,662.64014,935.49718
0.41446,138.31092,288.43508,553.27347,661.91998,934.92105
0.41512,138.06305,287.94939,552.6006,661.20102,934.34698
0.41577,137.8155,287.46413,551.92511,660.47807,933.7651
0.41642,137.56828,286.97951,551.24852,659.75376,933.18035
0.41707,137.32139,286.49556,550.57085,659.0281,932.59268
0.41772,137.07483,286.01225,549.89207,658.30111,932.0021
0.41837,136.82858,285.5296,549.21217,657.57279,931.40861
0.41902,136.58266,285.0476,548.53113,656.84316,930.81218
0.41967,136.33706,284.56626,547.84893,656.11226,930.21282
0.42032,136.09177,284.08555,547.16558,655.38008,929.61052
0.42097,135.8468,283.6055,546.48103,654.64666,929.00525
0.42162,135.60215,283.12608,545.79531,653.91201,928.39702
0.42227,135.35781,282.64733,545.10836,653.17616,927.7858
0.42292,135.11378,282.16921,544.4202,652.4391,927.17158
0.42357,134.87007,281.69173,543.73078,651.70087,926.55436
0.42422,134.62667,281.21489,543.04011,650.9615,925.93413
0.42487,134.38357,280.7387,542.34817,650.22098,925.31087
0.42553,134.14079,280.26336,541.65646,649.48184,924.68934
0.42618,133.89831,279.78843,540.96192,648.73912,924.06
0.42683,133.65614,279.31415,540.26608,647.99532,923.42759
0.42748,133.41428,278.84048,539.56889,647.25048,922.79212
0.42813,133.17273,278.36747,538.87036,646.50461,922.15356
0.42878,132.93148,277.89506,538.17046,645.75773,921.51192
0.42943,132.69054,277.4233,537.46919,645.00986,920.86718
0.43008,132.44991,276.95216,536.7665,644.26105,920.21933
0.43073,132.20958,276.48164,536.06241,643.51129,919.56835
0.43138,131.96956,276.01175,535.35689,642.7606,918.91426
0.43203,131.72984,275.54248,534.64993,642.00904,918.257
0.43268,131.49043,275.07384,533.94151,641.2566,917.59656
0.43333,131.25133,274.60581,533.2316,640.50331,916.93296
0.43398,131.01254,274.13839,532.5202,639.74921,916.26618
0.43463,130.77405,273.67159,531.80729,638.9943,915.59623
0.43529,130.53588,273.20563,531.0943,638.24102,914.92766
0.43594,130.29801,272.74006,530.37832,637.4846,914.2513
0.43659,130.06045,272.2751,529.66078,636.72746,913.57174
0.43724,129.8232,271.81075,528.94166,635.96963,912.88894
0.43789,129.58627,271.34702,528.22096,635.21114,912.20291
0.43854,129.34964,270.88389,527.49865,634.452,911.51364
0.43919,129.11333,270.42136,526.77472,633.69225,910.82113
0.43984,128.87734,269.95944,526.04914,632.93191,910.12536
0.44049,128.64166,269.49812,525.3219,632.17101,909.42632
0.44114,128.4063,269.03741,524.59299,631.40957,908.72401
0.44179,128.17126,268.5773,523.8624,630.64763,908.01842
0.44244,127.93654,268.11778,523.1301,629.8852,907.30954
0.44309,127.70215,267.65886,522.39607,629.12232,906.59736
0.44374,127.46807,267.20055,521.66031,628.35902,905.88189
0.44439,127.23433,266.74282,520.9228,627.59532,905.16308
0.44505,127.00091,266.28589,520.18489,626.83352,904.44539
0.4457,126.76782,265.82935,519.44381,626.0691,903.71994
0.44635,126.53506,265.3734,518.70093,625.30438,902.99115
0.447,126.30264,264.91806,517.95623,624.53937,902.25903
0.44765,126.07055,264.46329,517.2097,623.7741,901.52356
0.4483,125.8388,264.00912,516.46132,623.00861,900.78474
0.44895,125.60739,263.55554,515.71107,622.24293,900.04255
0.4496,125.37632,263.10255,514.95893,621.47707,899.29699
0.45025,125.1456,262.65014,514.2049,620.71107,898.54807
0.4509,124.91522,262.19833,513.44895,619.94497,897.79577
0.45155,124.6852,261.74709,512.69108,619.17878,897.04008
0.4522,124.45553,261.29645,511.93125,618.41254,896.28101
0.45285,124.22621,260.84639,511.16947,617.64628,895.51854
0.4535,123.99726,260.39692,510.40571,616.88003,894.75267
0.45415,123.76866,259.94802,509.63997,616.11381,893.98336
0.4548,123.54043,259.49971,508.87221,615.34766,893.21063
0.45546,123.31257,259.05219,508.10373,614.58375,892.43873
0.45611,123.08507,258.60505,507.33191,613.81782,891.65918
0.45676,122.85795,258.1585,506.55804,613.05205,890.87621
0.45741,122.6312,257.71254,505.7821,612.28645,890.08981
0.45806,122.40484,257.26717,505.00409,611.52108,889.3
0.45871,122.17885,256.82237,504.22397,610.75595,888.50677
0.45936,121.95326,256.37816,503.44174,609.99109,887.71012
0.46001,121.72805,255.93454,502.65739,609.22654,886.91004
0.46066,121.50323,255.4915,501.8709,608.46232,886.10653
0.46131,121.27881,255.04905,501.08225,607.69847,885.2996
0.46196,121.05479,254.6072,500.29144,606.93501,884.48924
0.46261,120.83117,254.16592,499.49846,606.17197,883.67546
0.46326,120.60796,253.72525,498.70327,605.40938,882.85825
0.46391,120.38516,253.28515,497.90587,604.64727,882.03761
0.46456,120.16277,252.84566,497.10626,603.88567,881.21355
0.46522,119.9408,252.40693,496.30564,603.12665,880.39012
0.46587,119.71925,251.96863,495.50155,602.36615,879.55922
0.46652,119.49813,251.53091,494.69519,601.60625,878.72489
0.46717,119.27743,251.0938,493.88655,600.84697,877.88714
0.46782,119.05716,250.65728,493.07563,600.08834,877.04598
0.46847,118.83733,250.22137,492.26241,599.33039,876.20141
0.46912,118.61794,249.78606,491.44688,598.57315,875.35343
0.46977,118.399,249.35136,490.62903,597.81666,874.50206
0.47042,118.18049,248.91726,489.80885,597.06091,873.64729
0.47107,117.96245,248.48378,488.98631,596.30597,872.78913
0.47172,117.74485,248.0509,488.16143,595.55184,871.92759
0.47237,117.52771,247.61864,487.33417,594.79856,871.06266
0.47302,117.31104,247.187,486.50454,594.04614,870.19436
0.47367,117.09483,246.75597,485.67252,593.29463,869.3227
0.47432,116.87909,246.32557,484.83809,592.54405,868.44768
0.47497,116.66383,245.8958,484.00126,591.7944,867.56931
0.47563,116.44905,245.46683,483.16317,591.04767,866.6914
0.47628,116.23474,245.03831,482.32148,590.3,865.80629
0.47693,116.02092,244.61044,481.47735,589.55335,864.91784
0.47758,115.8076,244.1832,480.63078,588.80776,864.02608
0.47823,115.59476,243.75662,479.78175,588.06322,863.13102
0.47888,115.38242,243.33067,478.93024,587.31981,862.23268
0.47953,115.17059,242.90537,478.07627,586.5775,861.33106
0.48018,114.95925,242.48073,477.21982,585.83634,860.42618
0.48083,114.74843,242.05675,476.36086,585.09634,859.51804
0.48148,114.53812,241.63344,475.4994,584.35754,858.60666
0.48213,114.32833,241.2108,474.63545,583.61994,857.69206
0.48278,114.11905,240.78882,473.76898,582.88358,856.77424
0.48343,113.91031,240.36752,472.89998,582.14847,855.85323
0.48408,113.70209,239.94691,472.02846,581.41464,854.92904
0.48473,113.4944,239.52698,471.1544,580.6821,854.00167
0.48539,113.28725,239.10791,470.2789,579.95272,853.07483
0.48604,113.08063,238.68938,469.39975,579.22282,852.14117
0.48669,112.87456,238.27155,468.51805,578.49428,851.2044
0.48734,112.66903,237.85443,467.63379,577.7671,850.26454
0.48799,112.46405,237.43804,466.74698,577.04131,849.32159
0.48864,112.25963,237.02235,465.8576,576.31693,848.37558
0.48929,112.05575,236.6074,464.96564,575.59398,847.42654
0.48994,111.85244,236.19319,464.07111,574.87245,846.47448
0.49059,111.64969,235.77971,463.17401,574.15239,845.51944
0.49124,111.4475,235.36698,462.27432,573.43378,844.56141
0.49189,111.24589,234.95501,461.37205,572.71666,843.60044
0.49254,111.04484,234.54381,460.46719,572.00104,842.63652
0.49319,110.84437,234.13337,459.55975,571.28693,841.66972
0.49384,110.64447,233.7237,458.6497,570.57434,840.70003
0.49449,110.44516,233.31482,457.73706,569.86328,839.72749
0.49515,110.24643,232.90687,456.82285,569.15553,838.75559
0.4958,110.04828,232.49958,455.90502,568.4476,837.77741
0.49645,109.85073,232.09309,454.98461,567.74123,836.79647
0.4971,109.65376,231.68742,454.06159,567.03644,835.81274
0.49775,109.45739,231.28258,453.13598,566.33324,834.82627
0.4984,109.26161,230.87857,452.20778,565.63163,833.83711
0.49905,109.06643,230.47539,451.27698,564.93161,832.8453
0.4997,108.87186,230.07306,450.3436,564.23321,831.85086
0.50035,108.67788,229.6716,449.40763,563.53643,830.85384
0.501,108.48451,229.27099,448.46907,562.84125,829.85428
0.50165,108.29175,228.87127,447.52793,562.14772,828.85217
0.5023,108.0996,228.47243,446.58421,561.45581,827.84758
0.50295,107.90805,228.07448,445.63791,560.76553,826.84052
0.5036,107.71712,227.67744,444.68903,560.07689,825.83104
0.50425,107.52681,227.28132,443.7376,559.3899,824.81917
0.5049,107.33711,226.88613,442.7836,558.70454,823.80495
0.50556,107.14802,226.49199,441.82799,558.02248,822.79167
0.50621,106.95956,226.09867,440.86888,557.3404,821.77285
0.50686,106.77171,225.70631,439.90723,556.65996,820.75179
0.50751,106.58449,225.31491,438.94303,555.98116,819.72851
0.50816,106.39788,224.92448,437.9763,555.30398,818.70309
0.50881,106.2119,224.53505,437.00705,554.62845,817.67555
0.50946,106.02654,224.1466,436.03528,553.95455,816.64593
0.51011,105.84181,223.75918,435.06101,553.28228,815.61427
0.51076,105.6577,223.37276,434.08424,552.61162,814.58062
0.51141,105.47421,222.98739,433.10497,551.94257,813.54503
0.51206,105.29135,222.60305,432.12324,551.27515,812.50753
0.51271,105.10912,222.21976,431.13903,550.60931,811.46818
0.51336,104.92751,221.83754,430.15237,549.94507,810.42701
0.51401,104.74653,221.45641,429.16326,549.28241,809.38408
0.51466,104.56617,221.07635,428.17171,548.62133,808.33943
0.51532,104.38644,220.69753,427.17863,547.96338,807.29621
0.51597,104.20733,220.3197,426.18225,547.30541,806.24827
0.51662,104.02884,219.94299,425.18348,546.64898,805.19876
0.51727,103.85098,219.56743,424.18234,545.99407,804.14773
0.51792,103.67374,219.19302,423.17882,545.34068,803.09524
0.51857,103.49712,218.81977,422.17295,544.68877,802.04133
0.51922,103.32113,218.4477,421.16476,544.03835,800.98605
0.51987,103.14575,218.07681,420.15424,543.38939,799.92948
0.52052,102.97099,217.70714,419.14142,542.74188,798.87164
0.52117,102.79684,217.33868,418.12632,542.09581,797.81264
0.52182,102.62331,216.97146,417.10895,541.45116,796.75251
0.52247,102.45039,216.60547,416.08933,540.8079,795.69129
0.52312,102.27809,216.24074,415.0675,540.16604,794.62906
0.52377,102.10639,215.87729,414.04343,539.52551,793.56587
0.52442,101.93529,215.51511,413.01719,538.88635,792.50178
0.52508,101.76481,215.15435,411.9896,538.24997,791.43973
0.52573,101.59492,214.79479,410.95904,537.61342,790.37399
0.52638,101.42563,214.43655,409.92636,536.97812,789.30755
0.52703,101.25694,214.07965,408.89158,536.34408,788.24044
0.52768,101.08885,213.72411,407.85473,535.71125,787.17275
0.52833,100.92134,213.36993,406.81581,535.07964,786.10452
0.52898,100.75442,213.01714,405.77487,534.4492,785.03583
0.52963,100.58809,212.66574,404.73192,533.81991,783.96674
0.53028,100.42233,212.31575,403.687,533.19174,782.89732
0.53093,100.25716,211.96718,402.64011,532.56466,781.82763
0.53158,100.09255,211.62005,401.59132,531.93867,780.75775
0.53223,99.92852,211.27438,400.54062,531.3137,779.68774
0.53288,99.76505,210.93018,399.48805,530.68976,778.61768
0.53353,99.60215,210.58745,398.43365,530.0668,777.54761
0.53418,99.4398,210.24623,397.37743,529.44479,776.47764
0.53483,99.278,209.9065,396.31944,528.82371,775.40781
0.53549,99.11675,209.56842,395.26043,528.20493,774.34092
0.53614,98.95605,209.23176,394.19897,527.5856,773.27162
0.53679,98.79588,208.89666,393.13584,526.96709,772.20268
0.53744,98.63625,208.56313,392.07105,526.34939,771.13419
0.53809,98.47715,208.23117,391.00464,525.73246,770.06622
0.53874,98.31857,207.90082,389.93665,525.11625,768.99886
0.53939,98.16051,207.57208,388.86711,524.50076,767.93217
0.54004,98.00297,207.24495,387.79607,523.88592,766.86625
0.54069,97.84593,206.91947,386.72354,523.27171,765.80119
0.54134,97.6894,206.59565,385.64959,522.65808,764.73703
0.54199,97.53336,206.27349,384.57424,522.04504,763.6739
0.54264,97.37781,205.95301,383.49754,521.43252,762.61183
0.54329,97.22275,205.63422,382.41952,520.8205,761.55092
0.54394,97.06817,205.31715,381.34021,520.20895,760.49124
0.54459,96.91406,205.0018,380.25967,519.59783,759.43288
0.54525,96.76041,204.68828,379.17862,518.98844,758.37843
0.5459,96.60723,204.37642,378.09574,518.37809,757.32295
0.54655,96.4545,204.06631,377.01175,517.76805,756.26902
0.5472,96.30222,203.75799,375.92671,517.15831,755.21673
0.54785,96.15039,203.45145,374.84064,516.54882,754.1662
0.5485,95.99898,203.14672,373.75361,515.93957,753.11747
0.54915,95.84801,202.8438,372.66565,515.3305,752.07065
0.5498,95.69745,202.5427,371.57682,514.7216,751.02582
0.55045,95.54731,202.24346,370.48717,514.11282,749.98308
0.5511,95.39758,201.94605,369.39673,513.50414,748.9425
0.55175,95.24825,201.65052,368.30558,512.89551,747.90416
0.5524,95.09931,201.35686,367.21374,512.2869,746.86818
0.55305,94.95077,201.06509,366.12129,511.67829,745.83462
0.5537,94.8026,200.77523,365.02827,511.06965,744.80358
0.55435,94.6548,200.48727,363.93473,510.46094,743.77516
0.55501,94.50737,200.20132,362.84135,509.85339,742.7518
0.55566,94.3603,199.91722,361.74695,509.24446,741.72885
0.55631,94.21358,199.63506,360.6522,508.63536,740.7088
0.55696,94.0672,199.35486,359.55717,508.02608,739.69171
0.55761,93.92116,199.07662,358.4619,507.4166,738.67769
0.55826,93.77545,198.80036,357.36647,506.80687,737.66683
0.55891,93.63007,198.52607,356.27093,506.19689,736.65922
0.55956,93.48499,198.25378,355.17534,505.58662,735.65496
0.56021,93.34023,197.98349,354.07976,504.97603,734.65413
0.56086,93.19577,197.7152,352.98426,504.3651,733.65682
0.56151,93.05161,197.44893,351.88891,503.75383,732.66314
0.56216,92.90773,197.18468,350.79376,503.14216,731.67332
0.56281,92.76413,196.92248,349.69888,502.5301,730.6873
0.56346,92.62081,196.6623,348.60435,501.91763,729.70521
0.56411,92.47776,196.40417,347.51022,501.30472,728.72712
0.56476,92.33496,196.14809,346.41659,500.69139,727.75312
0.56542,92.19242,195.89415,345.32405,500.07878,726.78552
0.56607,92.05013,195.64218,344.23159,499.46453,725.82
0.56672,91.90809,195.39228,343.13981,498.8498,724.85886
0.56737,91.76627,195.14445,342.04882,498.23459,723.9022
0.56802,91.62469,194.89869,340.95865,497.61888,722.95011
0.56867,91.48333,194.65501,339.86942,497.0027,722.00269
0.56932,91.34219,194.41341,338.78118,496.38602,721.06004
0.56997,91.20126,194.1739,337.69402,495.76886,720.12223
0.57062,91.06054,193.93645,336.60801,495.1512,719.18939
0.57127,90.92003,193.7011,335.52324,494.53306,718.26158
0.57192,90.77971,193.46783,334.43979,493.91446,717.33892
0.57257,90.63958,193.23664,333.35774,493.29538,716.42149
0.57322,90.49964,193.00752,332.27717,492.67586,715.50939
0.57387,90.35989,192.7805,331.19817,492.05591,714.60272
0.57452,90.22031,192.55555,330.12084,491.43555,713.70156
0.57518,90.08092,192.33276,329.04574,490.81591,712.80809
0.57583,89.94169,192.11195,327.97198,490.19477,711.91823
0.57648,89.80264,191.89321,326.90015,489.5733,711.03417
0.57713,89.66375,191.67654,325.83032,488.95151,710.156
0.57778,89.52503,191.46192,324.7626,488.32946,709.28382
0.57843,89.38647,191.24935,323.69709,487.70715,708.41771
0.57908,89.24807,191.03882,322.63388,487.08466,707.55775
0.57973,89.10984,190.83033,321.57305,486.46201,706.70405
0.58038,88.97176,190.62386,320.51473,485.83926,705.85668
0.58103,88.83384,190.41941,319.45898,485.21647,705.01577
0.58168,88.69607,190.21696,318.40594,484.59368,704.18136
0.58233,88.55847,190.01651,317.35569,483.97094,703.35356
0.58298,88.42102,189.81803,316.30832,483.34835,702.53246
0.58363,88.28374,189.62152,315.26397,482.726,701.71831
0.58428,88.14661,189.42697,314.22272,482.10391,700.91108
0.58493,88.00966,189.23434,313.18469,481.48219,700.11081
0.58559,87.87286,189.04372,312.15043,480.86197,699.31953
0.58624,87.73624,188.85491,311.11916,480.24122,698.53341
0.58689,87.5998,188.66801,310.09143,479.62112,697.75451
0.58754,87.46353,188.48297,309.06736,479.00172,696.98289
0.58819,87.32745,188.29976,308.04706,478.38317,696.21863
0.58884,87.19155,188.11838,307.03066,477.76555,695.46183
0.58949,87.05586,187.9388,306.01827,477.14899,694.71255
0.59014,86.92036,187.76101,305.01,476.5336,693.97087
0.59079,86.78508,187.58495,304.00598,475.91952,693.23686
0.59144,86.65002,187.41063,303.00633,475.30688,692.51061
0.59209,86.51518,187.23799,302.01119,474.69582,691.79219
0.59274,86.38059,187.06704,301.02066,474.08648,691.08166
0.59339,86.24624,186.89772,300.03488,473.47903,690.3791
0.59404,86.11216,186.73001,299.05398,472.8736,689.68456
0.59469,85.97835,186.56387,298.0781,472.27039,688.99814
0.59535,85.84482,186.39934,297.10777,471.67053,688.32174
0.596,85.7116,186.23624,296.14229,471.07225,687.65172
0.59665,85.57869,186.07461,295.18223,470.47671,686.98997
0.5973,85.44612,185.91442,294.22771,469.88411,686.33658
0.59795,85.31389,185.75561,293.27889,469.29467,685.69161
0.5986,85.18203,185.59816,292.3359,468.70859,685.05511
0.59925,85.05056,185.44201,291.39888,468.12608,684.42713
0.5999,84.9195,185.28712,290.46797,467.54738,683.80772
0.60055,84.78886,185.13345,289.54334,466.97273,683.19695
0.6012,84.65867,184.98095,288.62511,466.40237,682.59484
0.60185,84.52895,184.82957,287.71344,465.83655,682.00147
0.6025,84.39973,184.67925,286.8085,465.27555,681.41685
0.60315,84.27104,184.52996,285.91042,464.71962,680.84106
0.6038,84.14289,184.38163,285.01936,464.16906,680.27411
0.60445,84.01532,184.2342,284.13549,463.62417,679.71607
0.60511,83.88836,184.0877,283.25935,463.08626,679.16892
0.60576,83.76204,183.94191,282.39033,462.55378,678.62899
0.60641,83.63639,183.79685,281.52898,462.0279,678.09806
0.60706,83.51144,183.65245,280.67546,461.50897,677.57614
0.60771,83.38724,183.50866,279.82995,460.99734,677.06327
0.60836,83.2638,183.3654,278.99261,460.49334,676.55944
0.60901,83.14118,183.2226,278.16362,459.99737,676.0647
0.60966,83.01942,183.0802,277.34315,459.50978,675.57904
0.61031,82.89854,182.93812,276.53138,459.03098,675.10249
0.61096,82.7786,182.79628,275.72848,458.56138,674.63505
0.61161,82.65965,182.65461,274.93465,458.10139,674.17674
0.61226,82.54172,182.51303,274.15005,457.65142,673.72755
0.61291,82.42486,182.37145,273.37489,457.21194,673.28748
0.61356,82.30912,182.22979,272.60935,456.78338,672.85653
0.61421,82.19456,182.08797,271.85361,456.36622,672.4347
0.61486,82.08123,181.9459,271.10787,455.96094,672.02196
0.61552,81.96917,181.80356,270.37267,455.56892,671.62008
0.61617,81.85846,181.66072,269.64752,455.1889,671.2255
0.61682,81.74914,181.51733,268.93301,454.82229,670.83997
0.61747,81.64128,181.37332,268.22929,454.46963,670.46346
0.61812,81.53494,181.22859,267.53659,454.13146,670.09593
0.61877,81.43018,181.08301,266.85508,453.80836,669.73735
0.61942,81.32707,180.93651,266.18501,453.50094,669.38771
0.62007,81.22569,180.78896,265.52657,453.20981,669.04692
0.62072,81.12611,180.64023,264.87997,452.93555,668.71498
0.62137,81.0284,180.49026,264.24545,452.67881,668.3918
0.62202,80.93263,180.33889,263.62321,452.44022,668.07734
0.62267,80.83888,180.18602,263.01348,452.22047,667.77156
0.62332,80.74723,180.03151,262.41649,452.02023,667.47436
0.62397,80.65776,179.87525,261.83247,451.84019,667.18569
0.62462,80.57056,179.71712,261.26166,451.6811,666.90545
0.62528,80.48572,179.55704,260.70461,451.54456,666.63542
0.62593,80.40333,179.39475,260.16089,451.42957,666.37195
0.62658,80.32348,179.23019,259.63109,451.33799,666.11675
0.62723,80.24626,179.0632,259.11546,451.27069,665.86972
0.62788,80.17178,178.89365,258.61422,451.22825,665.63067
0.62853,80.10014,178.72138,258.12763,451.21148,665.39951
0.62918,80.03143,178.54625,257.65595,451.22126,665.17612
0.62983,79.96578,178.36811,257.19943,451.25844,664.96038
0.63048,79.90328,178.1868,256.75834,451.32396,664.75094
0.63113,79.84405,178.00217,256.33292,451.41467,664.54348
0.63178,79.78822,177.81404,255.92346,451.51627,664.33571
0.63243,79.73588,177.62227,255.53021,451.6292,664.12763
0.63308,79.68718,177.42668,255.15344,451.75393,663.91918
0.63373,79.64224,177.22708,254.79345,451.89093,663.71038
0.63438,79.60117,177.02332,254.45049,452.04069,663.50119
0.63504,79.56413,176.81527,254.12518,452.20461,663.29334
0.63569,79.53124,176.60262,253.81717,452.38141,663.0833
0.63634,79.50264,176.38524,253.52704,452.57253,662.87281
0.63699,79.47847,176.16294,253.2551,452.77851,662.66185
0.63764,79.45889,175.93554,253.00166,452.99988,662.45038
0.63829,79.44404,175.70283,252.767,453.23725,662.23839
0.63894,79.43408,175.4646,252.55143,453.49119,662.02584
0.63959,79.42916,175.22066,252.35526,453.7623,661.81271
0.64024,79.42945,174.97078,252.17879,454.05122,661.59896
0.64089,79.43511,174.71476,252.02235,454.35856,661.38459
0.64154,79.44631,174.45238,251.88626,454.68498,661.16956
0.64219,79.46322,174.1834,251.77081,455.03114,660.95382
0.64284,79.48603,173.90761,251.67637,455.39803,660.73737
0.64349,79.51492,173.62476,251.60324,455.77846,660.52025
0.64414,79.54788,173.33464,251.55177,456.15964,660.30256
0.64479,79.58085,173.03698,251.52228,456.54158,660.08426
0.64545,79.61382,172.73161,251.51548,456.92525,659.8671
0.6461,79.64678,172.41816,251.53105,457.30881,659.64756
0.64675,79.67975,172.09755,251.56967,457.69319,659.42733
0.6474,79.71272,171.77599,251.63169,458.07842,659.20642
0.64805,79.74568,171.45345,251.71749,458.46453,658.98478
0.6487,79.77865,171.12987,251.82741,458.85153,658.76238
0.64935,79.81162,170.80522,251.96182,459.23944,658.53919
0.65,79.84458,170.47946,252.12112,459.62829,658.31519
